,featid_left,tmax_left,geometry,index_right,featid_right,tmax_right,distance
0,183,1.7944577e+37,POINT (-1630795.875 3376451.25),285,288,-18.620094,2600.736437170249
1,184,1.7944577e+37,POINT (-1626008.125 3381462.75),285,288,-18.620094,7517.804359693394
2,1174,1.7944577e+37,POINT (-2102828 3943675),1235,1250,-22.388983,7591.228906606624
3,1175,1.7944577e+37,POINT (-2087910.75 3872075.25),1176,1184,-24.578915,10378.75774192774
4,1176,1.7944577e+37,POINT (-2091622.875 3865991.75),1175,1183,-24.66403,3793.963923128421
41,1403,1.7944577e+37,POINT (-2083235.5 3871497),1175,1183,-24.66403,13795.03392359457
5,1177,1.7944577e+37,POINT (-2110884.75 3884071.25),1209,1222,-23.686659,4816.079331261062
6,1178,1.7944577e+37,POINT (-2108740 3884644),1209,1222,-23.686659,3295.957410222408
9,1188,1.7944577e+37,POINT (-2108675.5 3892797.75),1209,1222,-23.686659,5042.718469486474
7,1185,1.7944577e+37,POINT (-2009714.875 3798341.25),59193,59790,-26.723692,6248.908909761767
8,1187,1.7944577e+37,POINT (-2104794.25 3896839),59132,59729,-23.214413,6333.684749022484
10,1217,1.7944577e+37,POINT (-2118516.25 3940014.5),1205,1216,-21.866446,2808.3437845997414
11,1221,1.7944577e+37,POINT (-2111800.75 3891785),59133,59730,-23.26061,5190.116858029306
12,1227,1.7944577e+37,POINT (-2069602.125 3872191.25),1206,1218,-24.946901,8509.220653209082
13,1228,1.7944577e+37,POINT (-2141191.25 3926580.75),1214,1229,-21.598516,2809.223936427995
14,1252,1.7944577e+37,POINT (-1955305.125 3710321),1348,1390,-27.413359,6652.351825670377
15,1253,1.7944577e+37,POINT (-1955997.125 3710853.75),1298,1329,-27.608477,6767.252489009111
29,1328,1.7944577e+37,POINT (-1957490 3704355.75),1298,1329,-27.608477,2012.1437922337957
16,1254,1.7944577e+37,POINT (-2089253.5 3861149.25),1238,1257,-24.925945,2408.1584509745203
17,1255,1.7944577e+37,POINT (-2087699.25 3864925.5),1238,1257,-24.925945,6418.206758900807
18,1261,1.7944577e+37,POINT (-2026116.25 3759175.25),1397,1444,-27.829412,7056.9713980219585
46,1445,1.7944577e+37,POINT (-2023685.75 3767267.5),1397,1444,-27.829412,3133.7471579564294
19,1262,1.7944577e+37,POINT (-2253895.75 3968296.75),1401,1449,-17.222113,13966.631011539612
20,1263,1.7944577e+37,POINT (-2258852.5 3964380.25),1401,1449,-17.222113,18253.005523063865
21,1264,1.7944577e+37,POINT (-2248469.25 3959918.25),1401,1449,-17.222113,8866.587509436762
22,1265,1.7944577e+37,POINT (-2254578.5 3959991.5),1401,1449,-17.222113,14541.525188662295
53,1495,1.7944577e+37,POINT (-2244860.25 3967806.5),1401,1449,-17.222113,5703.986434941794
54,1496,1.7944577e+37,POINT (-2246423 3966200.5),1401,1449,-17.222113,6218.342247938755
23,1266,1.7944577e+37,POINT (-2255995.25 3952460),1341,1383,-17.893816,16678.980905993627
30,1330,1.7944577e+37,POINT (-2251742.75 3951251.5),1341,1383,-17.893816,14336.388049732052
31,1331,1.7944577e+37,POINT (-2255541 3947516),1341,1383,-17.893816,12039.913122610145
32,1332,1.7944577e+37,POINT (-2252569 3940329.25),1341,1383,-17.893816,4447.900354380705
33,1333,1.7944577e+37,POINT (-2250827.75 3945127.75),1341,1383,-17.893816,8144.934169470002
35,1335,1.7944577e+37,POINT (-2246297.75 3942157.5),1341,1383,-17.893816,6008.499630731452
50,1473,1.7944577e+37,POINT (-2249369.25 3948989.75),1341,1383,-17.893816,11902.743050448498
24,1267,1.7944577e+37,POINT (-2265970.75 3949778.5),2095,2174,-17.830452,19552.63913932081
25,1268,1.7944577e+37,POINT (-2261571.25 3946244.75),2095,2174,-17.830452,14740.42106759505
47,1452,1.7944577e+37,POINT (-2259508.25 3936584.5),2095,2174,-17.830452,4887.637472491183
48,1453,1.7944577e+37,POINT (-2259470.5 3939359),2095,2174,-17.830452,7555.302351660058
58,1563,1.7944577e+37,POINT (-2265926.75 3939219.5),2095,2174,-17.830452,10815.416164554186
59,1564,1.7944577e+37,POINT (-2270610.5 3940741),2095,2174,-17.830452,15442.174737549112
60,1565,1.7944577e+37,POINT (-2271588.25 3935930.5),2095,2174,-17.830452,14248.018145078984
26,1306,1.7944577e+37,POINT (-2060037.625 3788754.25),59172,59769,-27.58362,13204.939448105206
27,1307,1.7944577e+37,POINT (-2049851 3799471),59173,59770,-27.234035,13681.643441122123
52,1492,1.7944577e+37,POINT (-2034861.5 3797740.25),59173,59770,-27.234035,11187.380571988244
28,1308,1.7944577e+37,POINT (-2034621.125 3792285.75),1279,1309,-27.276497,6704.463461940858
34,1334,1.7944577e+37,POINT (-2241565.75 3950452.5),1302,1339,-18.060478,8849.427361417234
49,1472,1.7944577e+37,POINT (-2246233.5 3951419.75),1302,1339,-18.060478,11912.227331611834
36,1356,1.7944577e+37,POINT (-2286821.5 3961565),2099,2178,-15.585314,6097.95335030533
37,1357,1.7944577e+37,POINT (-2286003 3963483),2099,2178,-15.585314,7568.534092709103
38,1361,1.7944577e+37,POINT (-1967358.125 3714058),1321,1360,-27.721416,1529.8975660154506
39,1372,1.7944577e+37,POINT (-2269330 3960004.75),2058,2136,-16.05391,21059.904107094124
40,1373,1.7944577e+37,POINT (-2272592.5 3955912),2058,2136,-16.05391,16592.770031326898
65,1724,1.7944577e+37,POINT (-2273423.5 3947913.75),2058,2136,-16.05391,15557.665192759485
42,1410,1.7944577e+37,POINT (-2217850.25 3961191.75),1455,1512,-17.952456,6663.331772656979
43,1411,1.7944577e+37,POINT (-2218663.25 3961524),1455,1512,-17.952456,6100.897567161737
44,1431,1.7944577e+37,POINT (-2030200 3785461.5),59180,59777,-27.387213,6109.029899460306
45,1433,1.7944577e+37,POINT (-2046699.625 3809555.75),1387,1434,-26.490562,8803.6893012248
51,1476,1.7944577e+37,POINT (-2017086.25 3761823.25),1424,1477,-27.784285,1800.7887030756829
55,1508,1.7944577e+37,POINT (-2120187 3874631),1442,1498,-23.826927,5797.082994920807
56,1524,1.7944577e+37,POINT (-2206701.75 3950845),1373,1418,-19.15252,9708.252185640833
57,1536,1.7944577e+37,POINT (-1849304.875 3555665.25),2846,2925,-27.44187,2911.2245839380034
61,1566,1.7944577e+37,POINT (-2282993.25 3925719.5),1978,2051,-17.34189,6250.084499428788
62,1567,1.7944577e+37,POINT (-2274420.5 3923825),1504,1568,-17.817297,7974.7909768845975
63,1687,1.7944577e+37,POINT (-1782306.125 3503544.75),2286,2365,-26.220491,3237.0899861024873
64,1688,1.7944577e+37,POINT (-1776263.125 3521418.5),2858,2937,-24.849617,4551.786359496676
66,1725,1.7944577e+37,POINT (-2274436 3942060.25),2038,2114,-16.714462,12685.200099426891
67,1728,1.7944577e+37,POINT (-2281601.5 3939111.5),2038,2114,-16.714462,4950.590697078481
75,2117,1.7944577e+37,POINT (-2280272.25 3931541.5),2038,2114,-16.714462,7757.649068016676
76,2118,1.7944577e+37,POINT (-2277272.75 3935631.5),2038,2114,-16.714462,8782.991151225191
68,1729,1.7944577e+37,POINT (-2284820.5 3944964),1667,1739,-16.22318,7257.577854387785
69,1736,1.7944577e+37,POINT (-2359056.25 3978924.25),1684,1756,-13.056426,7900.336974616969
70,1737,1.7944577e+37,POINT (-2351526.5 3978424.25),1684,1756,-13.056426,4134.906316955682
71,1921,1.7944577e+37,POINT (-1988696.625 3707170.75),1848,1920,-28.370928,3901.5542355739462
72,2101,1.7944577e+37,POINT (-2268557.75 3923845),2040,2116,-18.168612,7992.955781499107
73,2102,1.7944577e+37,POINT (-2266247.5 3925702),2040,2116,-18.168612,7251.310937513299
74,2110,1.7944577e+37,POINT (-2318853.25 3964899.5),2025,2098,-14.160689,9200.57059371863
77,2145,1.7944577e+37,POINT (-1991499.375 3710721),1675,1747,-28.615978,5854.720884946181
78,3645,1.7944577e+37,POINT (-2459480.25 3932697.75),3566,3646,-11.239425,1895.1921406548731
79,5210,1.7944577e+37,POINT (-2637285.5 3956930),8282,8370,-4.9290433,6518.242487434784
86,8369,1.7944577e+37,POINT (-2641398.5 3951629.25),8282,8370,-4.9290433,3679.945592328778
80,7364,1.7944577e+37,POINT (-2627925.25 3887504.75),7856,7940,-7.998898,7763.775036185682
81,7365,1.7944577e+37,POINT (-2628501.75 3881170.5),10016,10109,-8.625805,6667.765616194079
82,7443,1.7944577e+37,POINT (-2639757.75 3946334.25),7359,7442,-5.0284147,1572.4962639065316
83,8167,1.7944577e+37,POINT (-2636560.25 3930360.5),8039,8123,-6.5281034,6415.189328850708
84,8168,1.7944577e+37,POINT (-2638592 3929058.75),8039,8123,-6.5281034,7085.602250338357
85,8243,1.7944577e+37,POINT (-2636357.75 3935202.75),59265,59862,-5.839782,3628.9627047546246
87,8973,1.7944577e+37,POINT (-2625230.75 3872044.25),10017,10110,-8.743496,2539.4417324482956
88,8997,1.7944577e+37,POINT (-2625450.75 3825744.25),8909,8999,-10.496612,3804.552412899578
91,9841,1.7944577e+37,POINT (-2619646 3828882.5),8909,8999,-10.496612,3600.7733978271945
89,9517,1.7944577e+37,POINT (-2624665.75 3814239),9427,9518,-11.168591,1996.1325889078612
90,9840,1.7944577e+37,POINT (-2621794.75 3833897.5),8481,8569,-9.800189,6562.034678741038
92,10705,1.7944577e+37,POINT (-2623445.25 3798354),10611,10704,-12.3600855,5930.462381846798
93,10840,1.7944577e+37,POINT (-2638065 3791225),59302,59903,-11.509085,4538.311690485792
94,10841,1.7944577e+37,POINT (-2638056.5 3788962),59302,59903,-11.509085,5481.00586115359
599,59904,1.7944577e+37,POINT (-2635221 3794612),59302,59903,-11.509085,2890.8728785610756
95,10903,1.7944577e+37,POINT (-2630382.25 3778808.75),11525,11626,-12.321386,4602.563477291758
96,10904,1.7944577e+37,POINT (-2635877.5 3779435.25),11273,11372,-11.985919,8418.651465644602
97,11371,1.7944577e+37,POINT (-2644249.5 3773683.25),11273,11372,-11.985919,1873.687407226723
98,11420,1.7944577e+37,POINT (-2640497.75 3774169.5),11273,11372,-11.985919,2852.724246225001
99,11421,1.7944577e+37,POINT (-2639760.25 3777292.75),11273,11372,-11.985919,3986.3344142833776
100,11785,1.7944577e+37,POINT (-2629331 3802057),9313,9403,-11.848809,4606.619483145965
101,11786,1.7944577e+37,POINT (-2630176.25 3804911.25),9313,9403,-11.848809,4934.7950628673525
102,11796,1.7944577e+37,POINT (-2610698.5 3719116.25),11957,12062,-15.6814995,5897.796479406525
103,11797,1.7944577e+37,POINT (-2612828.5 3723476.25),12276,12385,-14.775402,7096.587921318244
104,12345,1.7944577e+37,POINT (-2583556.25 3698717.75),11953,12058,-16.753326,5820.829333093352
105,12346,1.7944577e+37,POINT (-2586437.25 3695392.75),13181,13296,-17.017986,4764.457799687179
106,12353,1.7944577e+37,POINT (-2641591.75 3746174),12148,12253,-13.434081,5381.6870263886585
107,12354,1.7944577e+37,POINT (-2640513 3748274.75),12213,12318,-13.096169,5968.501172823878
108,12507,1.7944577e+37,POINT (-2608918 3664664.75),12314,12423,-17.39273,7523.183410299127
109,12587,1.7944577e+37,POINT (-2591449 3680063.25),12985,13100,-17.449776,3772.737012104077
110,12588,1.7944577e+37,POINT (-2590887.25 3681660.75),12985,13100,-17.449776,5114.310376287305
111,12830,1.7944577e+37,POINT (-2636040 3692742.75),12718,12831,-15.323373,2605.1328660933978
112,12955,1.7944577e+37,POINT (-2634105 3699327.5),12842,12956,-15.212933,3511.2643467133034
113,12992,1.7944577e+37,POINT (-2638006.75 3705500.5),12877,12991,-14.948986,2562.873692264213
114,13436,1.7944577e+37,POINT (-2615452.75 3636957.25),13331,13464,-18.067373,9934.529033879764
130,13461,1.7944577e+37,POINT (-2614863 3641450.25),13331,13464,-18.067373,5468.941425221155
131,13462,1.7944577e+37,POINT (-2613397.75 3641498.5),13331,13464,-18.067373,5089.087768205614
115,13437,1.7944577e+37,POINT (-2615454.25 3635814.75),14426,14577,-18.066906,10433.290327720206
117,13439,1.7944577e+37,POINT (-2616156.5 3629354.75),14426,14577,-18.066906,9330.699397687185
116,13438,1.7944577e+37,POINT (-2607566.75 3638061.5),59359,59978,-18.834768,7148.097635909851
119,13441,1.7944577e+37,POINT (-2606254 3629414),59359,59978,-18.834768,11592.377155915865
121,13443,1.7944577e+37,POINT (-2598847.75 3624237.75),59359,59978,-18.834768,15375.066910423511
140,13879,1.7944577e+37,POINT (-2603097.75 3628694.25),59359,59978,-18.834768,11113.687698059543
618,59980,1.7944577e+37,POINT (-2602238.25 3634837.75),59359,59978,-18.834768,4967.621387545552
118,13440,1.7944577e+37,POINT (-2617290.25 3622090.25),14327,14474,-18.445824,10036.948593198034
120,13442,1.7944577e+37,POINT (-2612009.25 3617987.5),59357,59974,-19.092123,9976.327536974715
123,13445,1.7944577e+37,POINT (-2608358.75 3607525.25),59357,59974,-19.092123,10856.387074552013
124,13446,1.7944577e+37,POINT (-2604274.75 3606586.25),59357,59974,-19.092123,15040.544681377069
150,14585,1.7944577e+37,POINT (-2612788.25 3607871.25),59357,59974,-19.092123,6581.3384134612015
613,59971,1.7944577e+37,POINT (-2606408.75 3606038.25),59357,59974,-19.092123,13179.504213455832
614,59972,1.7944577e+37,POINT (-2607437.5 3605210.75),59357,59974,-19.092123,12555.872769345826
615,59975,1.7944577e+37,POINT (-2613263 3611363.25),59357,59974,-19.092123,5542.790497574304
616,59976,1.7944577e+37,POINT (-2611679 3611324),59357,59974,-19.092123,7112.394168808419
122,13444,1.7944577e+37,POINT (-2597517 3618565.5),59355,59966,-20.042028,18642.138498908862
125,13447,1.7944577e+37,POINT (-2595896.75 3616036.75),59355,59966,-20.042028,18400.754959036327
126,13448,1.7944577e+37,POINT (-2603641.25 3601996.25),14862,15023,-19.900002,16710.940213300386
611,59969,1.7944577e+37,POINT (-2612651.5 3596789),14862,15023,-19.900002,7941.803294120297
612,59970,1.7944577e+37,POINT (-2608174.75 3592420),14862,15023,-19.900002,6873.224288861815
127,13449,1.7944577e+37,POINT (-2594977.25 3613025.25),59321,59923,-20.857214,16742.48127145436
134,13735,1.7944577e+37,POINT (-2587427.75 3605908.5),59321,59923,-20.857214,6555.481985521736
135,13736,1.7944577e+37,POINT (-2591063.25 3613073),59321,59923,-20.857214,14586.854795071486
128,13450,1.7944577e+37,POINT (-2590349 3602930.5),59320,59922,-20.81324,5944.604276148245
129,13451,1.7944577e+37,POINT (-2596989 3606034.5),59320,59922,-20.81324,12992.347901745858
138,13808,1.7944577e+37,POINT (-2599983.5 3597764),59320,59922,-20.81324,13564.086865690591
139,13809,1.7944577e+37,POINT (-2591743.25 3599319.25),59320,59922,-20.81324,5376.251633340836
600,59924,1.7944577e+37,POINT (-2590428 3602378),59320,59922,-20.81324,5596.600150984525
604,59959,1.7944577e+37,POINT (-2593076.75 3593547),59320,59922,-20.81324,8256.502668351775
605,59960,1.7944577e+37,POINT (-2593171 3595458.5),59320,59922,-20.81324,7370.398361011432
132,13484,1.7944577e+37,POINT (-2621576 3602620.25),59356,59973,-19.049797,4699.255506194571
133,13707,1.7944577e+37,POINT (-2575837 3581900),59346,59949,-21.569485,5799.198759311496
136,13740,1.7944577e+37,POINT (-2581747.75 3609788.75),59339,59942,-20.959688,5565.186862316485
137,13741,1.7944577e+37,POINT (-2582046.25 3615915.75),59340,59943,-20.929888,8013.2798060469595
602,59955,1.7944577e+37,POINT (-2577121.5 3617778.25),59340,59943,-20.929888,5782.31390210701
603,59956,1.7944577e+37,POINT (-2577920.5 3614840.75),59340,59943,-20.929888,3907.557781082706
141,13880,1.7944577e+37,POINT (-2596919.75 3633721.75),59358,59977,-18.908707,6189.973631809751
154,14785,1.7944577e+37,POINT (-2593830 3630972.5),59358,59977,-18.908707,9699.216170005699
155,14786,1.7944577e+37,POINT (-2597786.75 3629412.75),59358,59977,-18.908707,10448.263830058082
617,59979,1.7944577e+37,POINT (-2598385 3634707.5),59358,59977,-18.908707,5196.9454309719285
142,13993,1.7944577e+37,POINT (-2620007.75 3663413.75),13849,13992,-17.096977,1822.8953960663787
143,14144,1.7944577e+37,POINT (-2778681.5 3763273.5),14000,14145,-7.2925596,3556.8291004769967
144,14447,1.7944577e+37,POINT (-2748417 3737781.5),14112,14257,-9.5687065,5664.565500768793
145,14448,1.7944577e+37,POINT (-2751269.25 3733591.5),14242,14387,-9.190118,5751.705453602435
146,14513,1.7944577e+37,POINT (-2586336.5 3590015),59348,59951,-21.436165,6232.640216032047
601,59952,1.7944577e+37,POINT (-2577631 3585859.5),59348,59951,-21.436165,3416.614012805661
147,14525,1.7944577e+37,POINT (-2598276.5 3590930),59352,59958,-20.768719,7070.745231232702
148,14549,1.7944577e+37,POINT (-2572659.25 3575815.25),14325,14472,-22.237371,5869.907862351844
149,14560,1.7944577e+37,POINT (-2642853.5 3646542.75),14410,14561,-16.887056,4675.022760639781
151,14690,1.7944577e+37,POINT (-2731498 3739636.5),14538,14691,-10.028128,1949.6733700802297
152,14715,1.7944577e+37,POINT (-2724421 3734567.75),14561,14714,-10.623724,2167.8178688487646
153,14716,1.7944577e+37,POINT (-2620976.25 3647177.75),14562,14717,-17.773682,2324.888733896743
156,14848,1.7944577e+37,POINT (-2621643 3658519),14690,14847,-17.205963,2486.481713687032
157,15011,1.7944577e+37,POINT (-2635112.5 3603697),16445,16617,-18.842567,7992.889222615311
164,15737,1.7944577e+37,POINT (-2633014.5 3602708.5),16445,16617,-18.842567,7215.260745461664
165,15738,1.7944577e+37,POINT (-2635571 3600456.75),16445,16617,-18.842567,4811.837934978692
158,15012,1.7944577e+37,POINT (-2642613.5 3595987.25),16444,16616,-18.739325,5876.067908261442
159,15013,1.7944577e+37,POINT (-2644501 3600929),15098,15259,-17.916723,7938.511825273047
160,15330,1.7944577e+37,POINT (-2859371.5 3765533.75),16045,16213,-3.4786558,4252.828544039837
167,16214,1.7944577e+37,POINT (-2857142 3771750.25),16045,16213,-3.4786558,3191.14323166479
161,15331,1.7944577e+37,POINT (-2862746.5 3763747),15223,15386,-3.4404783,5240.245139781154
162,15403,1.7944577e+37,POINT (-2882241.5 3767062.5),15286,15451,-1.9632567,3526.3603846600818
163,15404,1.7944577e+37,POINT (-2876884.25 3769575.75),17136,17308,-2.577832,5978.770713951155
166,15841,1.7944577e+37,POINT (-2680365.25 3605890),15627,15794,-16.873077,6432.091281224171
168,16369,1.7944577e+37,POINT (-2726679 3655804.5),15737,15905,-12.7268915,3810.8933089893767
169,16370,1.7944577e+37,POINT (-2725474.75 3658883.5),15737,15905,-12.7268915,6236.444549981985
170,16399,1.7944577e+37,POINT (-2668326.25 3611939),16228,16400,-16.95877,2197.0290166495297
171,17434,1.7944577e+37,POINT (-2897464.5 3771420.5),17303,17476,-1.3449737,2939.2812152803617
172,18288,1.7944577e+37,POINT (-2924811.25 3786666.5),18114,18287,0.4966644,6751.709621458849
173,18784,1.7944577e+37,POINT (-2895790 3693359.25),19908,20093,-3.2443724,5286.98874596873
174,18785,1.7944577e+37,POINT (-2888414 3698623.75),16694,16866,-3.279254,11430.819945436986
184,20344,1.7944577e+37,POINT (-2891191.75 3706691.5),16694,16866,-3.279254,5727.441182587561
185,20345,1.7944577e+37,POINT (-2893368.25 3708056),16694,16866,-3.279254,7169.432683274179
175,18786,1.7944577e+37,POINT (-2891105.5 3685670.25),59377,60000,-4.0993285,5511.14733971067
176,18787,1.7944577e+37,POINT (-2886236.75 3687622.25),20130,20315,-4.5140624,6847.7448842666445
177,18794,1.7944577e+37,POINT (-2891105.75 3657443),59395,60023,-3.9151702,7028.013944209274
178,18797,1.7944577e+37,POINT (-2881392 3657307.5),18617,18796,-5.414447,4354.2415240774135
624,60019,1.7944577e+37,POINT (-2879662.25 3655979),18617,18796,-5.414447,4588.188184076586
625,60020,1.7944577e+37,POINT (-2877727.75 3657825.25),18617,18796,-5.414447,2589.1590574933784
179,19087,1.7944577e+37,POINT (-2902528.75 3715777.25),18937,19118,-2.5345733,844.5849942427345
180,19128,1.7944577e+37,POINT (-2904743.5 3720741),18946,19127,-2.4110594,4615.292149474397
181,19145,1.7944577e+37,POINT (-2905285 3727875),18973,19157,-2.1349456,2404.036774365151
182,19146,1.7944577e+37,POINT (-2907077.5 3725708.75),18973,19157,-2.1349456,3191.952870109457
183,19999,1.7944577e+37,POINT (-2886375.75 3671909.25),19962,20147,-4.7173643,4431.491128841397
186,20486,1.7944577e+37,POINT (-2905807 3735036.75),20298,20485,-1.5203979,2317.6300395015596
187,20692,1.7944577e+37,POINT (-2737613.25 3474844),20503,20691,-16.86956,1601.2294104843315
188,20994,1.7944577e+37,POINT (-2774750.25 3504760),20827,21018,-14.435431,7379.004916823135
189,20995,1.7944577e+37,POINT (-2770343.25 3502766.75),20826,21017,-14.7709255,4994.0021087800915
190,21257,1.7944577e+37,POINT (-2929919.5 3676564.5),21133,21328,-2.4976592,7675.855408356778
192,21279,1.7944577e+37,POINT (-2930346.25 3672572),21133,21328,-2.4976592,4702.652715489418
198,22126,1.7944577e+37,POINT (-2927467.25 3668902.25),21133,21328,-2.4976592,1026.8182044549073
199,22127,1.7944577e+37,POINT (-2927018.25 3665368),21133,21328,-2.4976592,4236.412463689058
191,21278,1.7944577e+37,POINT (-2925051.75 3674550.25),21134,21329,-2.4923582,3293.901913005304
193,21288,1.7944577e+37,POINT (-2934646.5 3665183.75),21716,21915,-1.9697936,7162.114339529913
196,21553,1.7944577e+37,POINT (-2934887.75 3656706),21716,21915,-1.9697936,4019.7838017112313
197,21554,1.7944577e+37,POINT (-2930634.5 3659053),21716,21915,-1.9697936,7574.949273757547
194,21419,1.7944577e+37,POINT (-2924749.5 3660819),21989,22190,-2.5489652,3802.846253137247
195,21420,1.7944577e+37,POINT (-2929092.25 3660324.75),21989,22190,-2.5489652,7302.75538752326
200,22286,1.7944577e+37,POINT (-2923455.5 3678886.25),22084,22285,-2.3184996,2441.6061952124874
201,22516,1.7944577e+37,POINT (-2773110 3440929.5),23552,23764,-15.443865,5497.7210107916535
202,22517,1.7944577e+37,POINT (-2773797 3436002.25),23552,23764,-15.443865,2360.7474716707843
203,22528,1.7944577e+37,POINT (-2757739.25 3451806),22333,22539,-16.444939,5516.611420292352
204,22529,1.7944577e+37,POINT (-2760314.75 3451083.5),23828,24040,-16.021719,4179.12442982977
205,22759,1.7944577e+37,POINT (-2901958.5 3580455.25),23943,24155,-5.8922973,4376.326720264382
206,22760,1.7944577e+37,POINT (-2911175.75 3583337.5),22618,22826,-5.212793,6151.0584709056375
207,22952,1.7944577e+37,POINT (-2874378.75 3566199.25),22743,22951,-7.805676,3103.8481055779775
208,23129,1.7944577e+37,POINT (-2782982 3440925),23373,23584,-15.078103,5963.98713110617
209,23130,1.7944577e+37,POINT (-2782713 3436708),23373,23584,-15.078103,2530.130925466111
210,23585,1.7944577e+37,POINT (-2784711.75 3429549.5),23032,23243,-15.15075,3836.293825099949
211,24555,1.7944577e+37,POINT (-2804836.25 3392506),24343,24557,-14.5551815,5893.334184695452
212,24556,1.7944577e+37,POINT (-2808026.25 3387615.75),24571,24786,-14.320787,4517.036424747978
213,26365,1.7944577e+37,POINT (-2792633 3416103.25),26240,26458,-14.661282,1729.8015962820707
215,26457,1.7944577e+37,POINT (-2790465 3420103.5),26240,26458,-14.661282,2824.850195143098
214,26366,1.7944577e+37,POINT (-2793784.75 3414586),24554,24769,-14.786498,2966.7540553608414
216,26956,1.7944577e+37,POINT (-2898542 3406733),27826,28057,-9.601474,6144.46498891482
217,26957,1.7944577e+37,POINT (-2905924.25 3405280.75),26761,26981,-9.167212,6245.298016307949
218,27203,1.7944577e+37,POINT (-3182833.25 3672395),30041,30280,14.124517,9299.020328104461
219,27204,1.7944577e+37,POINT (-3176141.75 3671755.5),27732,27961,13.697478,14368.932884873531
220,27313,1.7944577e+37,POINT (-2913154 3393694.25),29727,29965,-8.489822,5411.6163077679485
234,29809,1.7944577e+37,POINT (-2918296.25 3398045.5),29727,29965,-8.489822,6420.553913993714
235,29810,1.7944577e+37,POINT (-2921481.75 3399876.25),29727,29965,-8.489822,8895.259446750275
221,27314,1.7944577e+37,POINT (-2909722 3395299.75),26762,26982,-9.042324,4182.363454136907
222,27315,1.7944577e+37,POINT (-3154640.5 3641630.5),27091,27316,11.453521,5476.358764042035
239,31208,1.7944577e+37,POINT (-3167112.5 3643268.25),27091,27316,11.453521,7274.767255727155
223,27337,1.7944577e+37,POINT (-3172383.25 3660282.75),30862,31101,12.721508,12064.511306410219
224,27489,1.7944577e+37,POINT (-3198636 3710464.75),27262,27488,15.401183,3505.3745252825697
226,27865,1.7944577e+37,POINT (-3201567.25 3718700),27262,27488,15.401183,5665.277293522357
228,28002,1.7944577e+37,POINT (-3200186.25 3706739.75),27262,27488,15.401183,7430.022081057364
225,27864,1.7944577e+37,POINT (-3199751.25 3724419.5),28280,28512,15.805205,5514.350058030412
227,28001,1.7944577e+37,POINT (-3196932.5 3706268.25),27299,27526,15.084118,5974.979340968469
229,28138,1.7944577e+37,POINT (-3208892.5 3728174.75),28382,28614,16.37578,8610.507512626651
230,29003,1.7944577e+37,POINT (-3015035.5 3437455.5),29328,29563,-1.3089111,7289.235085041502
231,29004,1.7944577e+37,POINT (-3005307.75 3441704),30487,30726,-2.4481933,8807.267205268612
232,29308,1.7944577e+37,POINT (-2977173.75 3424380.25),29073,29307,-4.6119504,2848.717693980925
233,29674,1.7944577e+37,POINT (-3197140.25 3700913.25),27368,27595,14.762274,5565.03819618518
236,30138,1.7944577e+37,POINT (-3198625.25 3681725.75),30042,30281,14.531341,6232.438271856368
237,31113,1.7944577e+37,POINT (-2992092.25 3456247.25),29830,30068,-3.2080352,6688.6699443910375
238,31114,1.7944577e+37,POINT (-2993528.5 3454320),30486,30725,-2.6475952,5302.393386481241
240,31209,1.7944577e+37,POINT (-3171344.25 3645694.5),30863,31102,12.579016,4269.282089824939
241,33084,1.7944577e+37,POINT (-3073500.25 3425324.25),34064,34313,2.4383056,11224.212806473333
251,36637,1.7944577e+37,POINT (-3088764.75 3428998.25),34064,34313,2.4383056,10487.404260588031
242,33085,1.7944577e+37,POINT (-3069912.5 3425340),34358,34609,1.1742736,9833.282504459028
243,33390,1.7944577e+37,POINT (-3055013.25 3429015.25),33144,33389,0.4512634,4859.909592780507
245,33611,1.7944577e+37,POINT (-3044676.5 3426205.25),33144,33389,0.4512634,6739.361862409526
244,33606,1.7944577e+37,POINT (-3047328.75 3433524.25),33359,33605,0.22401121,3371.3861577991925
246,34089,1.7944577e+37,POINT (-3031634.75 3444547.5),33841,34090,-0.453598,1188.7693741849173
247,34344,1.7944577e+37,POINT (-3107088.25 3398156),34375,34626,3.316388,6566.895389946455
248,34345,1.7944577e+37,POINT (-3095128.75 3399933.25),35605,35856,2.6634154,5875.837833875268
249,35975,1.7944577e+37,POINT (-3111058.25 3423916.75),35905,36158,3.9684262,5297.388837908729
250,35976,1.7944577e+37,POINT (-3106867.25 3425223),35905,36158,3.9684262,4078.2453104858714
252,36698,1.7944577e+37,POINT (-3014425 3264492.75),38706,38965,-4.047693,7431.797700590349
253,36699,1.7944577e+37,POINT (-3019249.25 3270838.5),36707,36963,-3.1404693,7359.40665067504
254,38386,1.7944577e+37,POINT (-3101080.25 3375355.75),37109,37365,3.153021,3400.369437649386
255,38520,1.7944577e+37,POINT (-3146899.25 3374548.5),59704,60333,5.873565,2530.855240822754
256,38521,1.7944577e+37,POINT (-3144240.75 3376798.25),38560,38819,5.5369444,5469.732517454579
257,39521,1.7944577e+37,POINT (-3023870.75 3239433.25),38144,38401,-3.5691283,3937.4154355998553
258,39522,1.7944577e+37,POINT (-3028472 3240869.5),41665,41938,-3.0281065,3610.3181473382647
259,39523,1.7944577e+37,POINT (-3012932 3228563.5),38185,38442,-4.1151485,9160.27652762186
260,39524,1.7944577e+37,POINT (-3010658.5 3232797.75),38185,38442,-4.1151485,4413.3121632171005
261,39662,1.7944577e+37,POINT (-2564102.75 2838773.25),41043,41313,1.8416381,7409.928626511864
262,39663,1.7944577e+37,POINT (-2562174 2833176.5),40101,40369,-0.8520996,8700.44973334712
263,39786,1.7944577e+37,POINT (-2497877.75 2809567.5),39521,39787,0.09717407,2615.0298755463577
264,39863,1.7944577e+37,POINT (-2572132 2836610.5),40126,40396,3.7216184,6607.6784737530925
265,39864,1.7944577e+37,POINT (-2571244 2836217),40126,40396,3.7216184,6984.48420160716
266,40372,1.7944577e+37,POINT (-3098350 3306678),41644,41917,1.7350707,5292.935982278645
267,40395,1.7944577e+37,POINT (-2577057.25 2836837.5),40914,41184,4.630682,7625.835400957721
268,41717,1.7944577e+37,POINT (-2492564.75 2813019),41570,41843,1.9040954,7046.892790443175
269,41783,1.7944577e+37,POINT (-3023673 3231690.25),41223,41493,-3.1849363,9108.32766277652
270,41784,1.7944577e+37,POINT (-3026933.75 3230810),41223,41493,-3.1849363,6517.696607122795
271,42059,1.7944577e+37,POINT (-3195408 3286229.75),43390,43693,6.2391353,16210.62650123369
273,42073,1.7944577e+37,POINT (-3183596.5 3282494.5),43390,43693,6.2391353,4273.580422198698
274,42074,1.7944577e+37,POINT (-3188604 3282307.5),43390,43693,6.2391353,9242.114943290848
275,42075,1.7944577e+37,POINT (-3183425.75 3266536),43390,43693,6.2391353,17393.806830665333
291,42783,1.7944577e+37,POINT (-3194875.25 3274946.25),43390,43693,6.2391353,17634.9346610641
272,42060,1.7944577e+37,POINT (-3188215.75 3293445.5),43559,43862,6.336969,10312.684958947402
277,42158,1.7944577e+37,POINT (-3189812 3304696.75),43559,43862,6.336969,16162.280348468777
296,42930,1.7944577e+37,POINT (-3179321.25 3300698),43559,43862,6.336969,7076.06513625334
298,43513,1.7944577e+37,POINT (-3200883.25 3293786.5),43559,43862,6.336969,22975.260533071218
276,42076,1.7944577e+37,POINT (-3166775.75 3272820.5),59957,60587,5.925531,14539.33224481097
278,42159,1.7944577e+37,POINT (-3183883 3312790.25),42570,42864,6.3644896,12240.194550128686
279,42160,1.7944577e+37,POINT (-3169434.25 3309173.75),42570,42864,6.3644896,6910.869884645493
292,42865,1.7944577e+37,POINT (-3173036.5 3319716),42570,42864,6.3644896,4249.443647408446
280,42161,1.7944577e+37,POINT (-3168722.25 3304197),43976,44280,5.41582,9329.81382450904
281,42190,1.7944577e+37,POINT (-3098656.25 3213388.75),59887,60517,0.6878814,1792.8113571985202
282,42191,1.7944577e+37,POINT (-3096893.5 3212736.75),59853,60482,0.4851837,1959.432826100451
283,42192,1.7944577e+37,POINT (-3094180.75 3214295.75),43492,43795,0.21307983,3612.0500498331967
284,42193,1.7944577e+37,POINT (-3094092.25 3221524.5),41907,42194,0.22222593,4383.3426172271775
285,42201,1.7944577e+37,POINT (-3082139.25 3203016.75),59869,60498,-0.35241392,2582.6167446990657
286,42285,1.7944577e+37,POINT (-3193379.5 3334501),43893,44197,8.158117,4043.401785625564
301,44042,1.7944577e+37,POINT (-3197569 3329994.25),43893,44197,8.158117,4452.160971090331
287,42286,1.7944577e+37,POINT (-3190876.5 3334431.5),44064,44368,7.5186033,4733.608672302771
288,42294,1.7944577e+37,POINT (-3179236.75 3335454),44065,44369,7.500695,6762.867480773226
289,42295,1.7944577e+37,POINT (-3178303 3343888),40755,41025,7.579797,5975.309803683823
290,42515,1.7944577e+37,POINT (-2424055 2697743.25),42228,42521,6.690344,4024.637654497607
293,42876,1.7944577e+37,POINT (-2563326.75 2825769.25),39668,39936,-0.25304258,6746.201046700284
294,42922,1.7944577e+37,POINT (-2386293 2682843.25),42643,42942,-3.429959,5991.156034105605
295,42929,1.7944577e+37,POINT (-3174540.75 3301710.75),43558,43861,6.1601987,5964.909853677589
297,43322,1.7944577e+37,POINT (-3102854.5 3219224.25),59884,60514,0.9681701,5858.993327569166
299,43529,1.7944577e+37,POINT (-2602080.25 2799278.75),43402,43705,0.16364135,7840.324152259267
300,43530,1.7944577e+37,POINT (-2604570 2797132),46162,46525,-1.385733,6190.056239647585
302,44403,1.7944577e+37,POINT (-3190030 3340854.75),42600,42896,8.110821,7236.779670544074
303,44404,1.7944577e+37,POINT (-3192989.5 3340588.75),43101,43401,8.4091,6549.674743832704
304,44553,1.7944577e+37,POINT (-3168030 3255885.25),45261,45610,5.0155883,16494.658881741085
305,44554,1.7944577e+37,POINT (-3172266 3250373),45261,45610,5.0155883,10459.618542877173
307,44617,1.7944577e+37,POINT (-3163920 3241793.75),45261,45610,5.0155883,8444.13406602477
314,45097,1.7944577e+37,POINT (-3178958.25 3253036.25),45261,45610,5.0155883,14782.255614841059
321,45174,1.7944577e+37,POINT (-3159213.75 3231234),45261,45610,5.0155883,15580.346024719733
332,45310,1.7944577e+37,POINT (-3165641.5 3233831),45261,45610,5.0155883,8910.261194965049
333,45311,1.7944577e+37,POINT (-3162094.75 3227666),45261,45610,5.0155883,15848.24312818301
341,45427,1.7944577e+37,POINT (-3176246 3245947.25),45261,45610,5.0155883,7291.014649896131
306,44616,1.7944577e+37,POINT (-3156141.5 3243483),59917,60547,3.8654845,7787.091261343994
630,60627,1.7944577e+37,POINT (-3163033 3252929.25),59917,60547,3.8654845,14857.7554706288
308,44625,1.7944577e+37,POINT (-3155122.25 3233581.25),59872,60502,3.265631,12103.29558684328
309,44626,1.7944577e+37,POINT (-3155510.25 3231064.25),59872,60502,3.265631,12378.940223722708
360,46524,1.7944577e+37,POINT (-3149731.5 3231994.25),59872,60502,3.265631,6582.224320091195
627,60501,1.7944577e+37,POINT (-3146597.25 3230640.75),59872,60502,3.265631,3630.848222178944
631,60632,1.7944577e+37,POINT (-3146126 3238909),59872,60502,3.265631,7716.6561937473925
632,60633,1.7944577e+37,POINT (-3146503.5 3236167.5),59872,60502,3.265631,5514.257117917155
633,60634,1.7944577e+37,POINT (-3151020.5 3233997),59872,60502,3.265631,8172.147854909381
634,60635,1.7944577e+37,POINT (-3151944 3235686),59872,60502,3.265631,9616.8044231179
310,44741,1.7944577e+37,POINT (-3223857.25 3266694.25),45251,45600,8.365375,6637.024563951832
311,44838,1.7944577e+37,POINT (-2408305.25 2611607.25),44938,45272,10.72694,13222.590340493045
347,45668,1.7944577e+37,POINT (-2399676 2611505.5),44938,45272,10.72694,4692.86621506516
348,45669,1.7944577e+37,POINT (-2403096 2608837),44938,45272,10.72694,8070.89200847713
349,45802,1.7944577e+37,POINT (-2406388.25 2621940),44938,45272,10.72694,16207.800301860829
350,45803,1.7944577e+37,POINT (-2409324.5 2619728),44938,45272,10.72694,17044.696743048848
312,44853,1.7944577e+37,POINT (-3205248 3284097.25),45837,46195,8.761047,16426.41891892448
313,45096,1.7944577e+37,POINT (-3180904.5 3258651),45910,46268,6.946545,18986.817151974155
327,45223,1.7944577e+37,POINT (-3198300.5 3250189),45910,46268,6.946545,7592.567916225708
330,45265,1.7944577e+37,POINT (-3194400 3265565.5),45910,46268,6.946545,9643.337742322416
358,46409,1.7944577e+37,POINT (-3184487.25 3258653.25),45910,46268,6.946545,15410.744597925825
359,46410,1.7944577e+37,POINT (-3187090.5 3256967),45910,46268,6.946545,12789.38022589445
315,45103,1.7944577e+37,POINT (-3184369.75 3252745),60059,60696,6.1348753,14220.49371725539
317,45111,1.7944577e+37,POINT (-3185518.5 3249351.25),60059,60696,6.1348753,10763.937316916148
328,45236,1.7944577e+37,POINT (-3188125.5 3243703.5),60059,60696,6.1348753,4831.250485122873
316,45104,1.7944577e+37,POINT (-3181557 3252372.75),45003,45345,5.841046,15189.52489382074
318,45112,1.7944577e+37,POINT (-3185170 3246194.5),45003,45345,5.841046,8150.270566827828
355,46193,1.7944577e+37,POINT (-3182901.5 3239657.25),45003,45345,5.841046,4704.737399685555
319,45131,1.7944577e+37,POINT (-3189689.5 3252243.75),60057,60694,6.3145566,10775.247282545306
320,45132,1.7944577e+37,POINT (-3192718.25 3247803),60057,60694,6.3145566,5511.137915621419
326,45222,1.7944577e+37,POINT (-3197761.75 3246941.75),60057,60694,6.3145566,5516.172999689186
329,45237,1.7944577e+37,POINT (-3190681.75 3245119.25),60057,60694,6.3145566,4524.892906191261
322,45192,1.7944577e+37,POINT (-2390671.75 2608958),44937,45271,10.74699,3828.1041081062567
323,45193,1.7944577e+37,POINT (-2390499.25 2607666),44937,45271,10.74699,4466.281849872442
402,48744,1.7944577e+37,POINT (-2395312.5 2596218),44937,45271,10.74699,13664.903887331224
324,45204,1.7944577e+37,POINT (-3159454.75 3222282),45927,46285,3.44317,10692.694424816413
345,45583,1.7944577e+37,POINT (-3155954.5 3212071.25),45927,46285,3.44317,4855.857088352169
346,45584,1.7944577e+37,POINT (-3157766.5 3216438),45927,46285,3.44317,6121.930506384404
353,46117,1.7944577e+37,POINT (-3163333.75 3220599.25),45927,46285,3.44317,12863.908970449069
325,45205,1.7944577e+37,POINT (-3153864.75 3227862.25),60038,60675,3.212402,9905.648164683622
334,45320,1.7944577e+37,POINT (-3151995.25 3225141.5),60038,60675,3.212402,7931.874699590255
335,45321,1.7944577e+37,POINT (-3152497.25 3223741),60038,60675,3.212402,8699.378512284657
331,45266,1.7944577e+37,POINT (-3200789 3265370),45911,46269,7.234002,6691.5083875012815
336,45322,1.7944577e+37,POINT (-3210648.25 3245679.75),45584,45937,7.5215693,6529.208724072159
337,45323,1.7944577e+37,POINT (-3204351 3251537.25),45584,45937,7.5215693,7150.116161643809
338,45343,1.7944577e+37,POINT (-3170276.5 3221220),45123,45468,4.2994995,12341.042320748276
354,46118,1.7944577e+37,POINT (-3164709.25 3219293),45123,45468,4.2994995,11402.591947666986
339,45344,1.7944577e+37,POINT (-3172354.75 3230450),45260,45609,5.2105956,7765.130492303398
342,45428,1.7944577e+37,POINT (-3180294 3246094),45260,45609,5.2105956,9891.652193895618
351,46097,1.7944577e+37,POINT (-3173715 3225311.75),45260,45609,5.2105956,11942.480649450516
352,46098,1.7944577e+37,POINT (-3177083.75 3227365.75),45260,45609,5.2105956,9509.778651472388
340,45387,1.7944577e+37,POINT (-2386819.25 2605937.25),45468,45821,8.167126,4822.557186026932
343,45542,1.7944577e+37,POINT (-3181796.75 3221902.25),45107,45452,5.6751523,9666.518149002773
344,45543,1.7944577e+37,POINT (-3179919.25 3225033.5),45107,45452,5.6751523,8902.087202589064
356,46335,1.7944577e+37,POINT (-2633555.25 2797415.5),45876,46234,-1.210556,5828.886541398794
357,46336,1.7944577e+37,POINT (-2632942.5 2799466),45876,46234,-1.210556,7955.671310455203
361,46639,1.7944577e+37,POINT (-2276942.75 2491542.5),46275,46638,14.098425,2205.055115524326
362,46715,1.7944577e+37,POINT (-3139358.25 3147702.25),48169,48572,1.5834044,5111.653181701591
363,46716,1.7944577e+37,POINT (-3137543.75 3145535),48169,48572,1.5834044,2418.3241227139097
364,46743,1.7944577e+37,POINT (-2313893.75 2506845),46376,46742,16.710644,2483.7798815515034
365,46919,1.7944577e+37,POINT (-2219788.25 2456194.75),47628,48023,-9.828314,6482.357692228962
366,46920,1.7944577e+37,POINT (-2213994 2457713.25),46560,46929,4.6609497,5191.623836768223
367,46981,1.7944577e+37,POINT (-2383929 2598298.25),45469,45822,9.099152,6150.135450744154
368,46982,1.7944577e+37,POINT (-2381685 2593438.5),44701,45016,11.998114,4028.422225263881
403,48749,1.7944577e+37,POINT (-2387442.5 2591626),44701,45016,11.998114,8320.791316034793
404,48750,1.7944577e+37,POINT (-2388944.5 2594149),44701,45016,11.998114,10464.475840910523
369,47017,1.7944577e+37,POINT (-2657499.75 2765147.5),60169,60806,1.3011107,6631.63720829932
370,47018,1.7944577e+37,POINT (-2663770 2767437.5),60169,60806,1.3011107,7279.925823797932
371,47061,1.7944577e+37,POINT (-2344004.5 2541891.5),47821,48216,11.279937,3396.1782289067223
372,47062,1.7944577e+37,POINT (-2345252.25 2538925.5),47074,47450,15.089281,4926.412494148252
373,47417,1.7944577e+37,POINT (-2121497.25 2399010),47415,47804,14.988097,3723.559024978656
408,49010,1.7944577e+37,POINT (-2116948 2394045),47415,47804,14.988097,3021.4354618293605
409,49011,1.7944577e+37,POINT (-2122275.75 2390898.75),47415,47804,14.988097,6481.7559060026315
410,49012,1.7944577e+37,POINT (-2119361.25 2390166),47415,47804,14.988097,6252.930497974529
374,47483,1.7944577e+37,POINT (-2337025 2524848.75),47712,48107,15.799163,6441.142076526491
378,47578,1.7944577e+37,POINT (-2337659.25 2534268.5),47712,48107,15.799163,3850.244553921218
379,47579,1.7944577e+37,POINT (-2345432 2534279.75),47712,48107,15.799163,6944.45680021123
388,47841,1.7944577e+37,POINT (-2351927.25 2527239.25),47712,48107,15.799163,13031.23568824154
375,47484,1.7944577e+37,POINT (-2330683.5 2523386.25),48830,49256,15.463531,8244.315257345512
376,47528,1.7944577e+37,POINT (-2362229 2566879),47240,47625,13.243633,2748.8923337409924
377,47529,1.7944577e+37,POINT (-2366840.75 2561977.25),47240,47625,13.243633,7094.301696608342
393,48422,1.7944577e+37,POINT (-2362408.5 2569760.75),47240,47625,13.243633,5308.658823092703
394,48427,1.7944577e+37,POINT (-2362202.5 2559102.75),47240,47625,13.243633,6047.9886325951375
395,48428,1.7944577e+37,POINT (-2363747.25 2558465),47240,47625,13.243633,7239.548716943619
396,48472,1.7944577e+37,POINT (-2372930 2571221.75),47240,47625,13.243633,14086.710838588262
399,48553,1.7944577e+37,POINT (-2364924.5 2568982.5),47240,47625,13.243633,6148.40473720623
400,48554,1.7944577e+37,POINT (-2365595 2571442.5),47240,47625,13.243633,8407.838935332908
380,47590,1.7944577e+37,POINT (-2119498.5 2407076),47452,47843,-3.2089415,2456.930974305139
381,47591,1.7944577e+37,POINT (-2118108.5 2406840),47280,47665,6.1307554,1460.648593091439
382,47624,1.7944577e+37,POINT (-2358722 2557334.5),48079,48478,8.295116,3026.416951198232
383,47689,1.7944577e+37,POINT (-2290639 2497121.75),47633,48028,14.376104,7060.619749710361
384,47690,1.7944577e+37,POINT (-2290090 2502718.75),47392,47781,13.334326,5333.481232975326
385,47765,1.7944577e+37,POINT (-2350184 2542419.25),47827,48222,10.942712,4320.732034331682
386,47766,1.7944577e+37,POINT (-2293825.25 2504226),47378,47767,15.495501,4367.893041845233
387,47815,1.7944577e+37,POINT (-3153799 3117912),47425,47814,1.846527,4179.913254183632
389,47880,1.7944577e+37,POINT (-2305862 2504817),60246,60883,15.72138,2416.792411958462
390,47881,1.7944577e+37,POINT (-2308887.75 2504373.75),60248,60885,15.907543,3632.8819310569397
391,48021,1.7944577e+37,POINT (-2209922.5 2460452.5),47044,47420,12.004156,2719.70037412212
392,48022,1.7944577e+37,POINT (-2212294.5 2461204.25),47693,48088,-0.96454465,3301.3061808926477
397,48536,1.7944577e+37,POINT (-2386742.25 2582849.25),44702,45017,12.103308,9423.603477438977
398,48537,1.7944577e+37,POINT (-2389267.5 2580734.25),44702,45017,12.103308,12716.957313465356
401,48640,1.7944577e+37,POINT (-2388775 2589483.5),44702,45017,12.103308,9418.740262105119
405,48776,1.7944577e+37,POINT (-2424747.75 2617670.25),48369,48777,7.860113,2423.9455955115823
406,48826,1.7944577e+37,POINT (-2207883.75 2433753.25),48419,48829,18.76646,4884.645234047198
407,48827,1.7944577e+37,POINT (-2209543.5 2438525),48419,48829,18.76646,3318.6569666809496
411,49013,1.7944577e+37,POINT (-2121919.75 2387328.25),49698,50139,7.6229734,6071.047397278331
413,49019,1.7944577e+37,POINT (-2121561.75 2381947.5),49698,50139,7.6229734,6295.64653649647
415,49021,1.7944577e+37,POINT (-2123449.25 2377138),49698,50139,7.6229734,8333.521828284845
412,49018,1.7944577e+37,POINT (-2117482 2381683.25),49154,49587,0.02850952,9397.00794136091
414,49020,1.7944577e+37,POINT (-2121305 2372912),48918,49347,7.612701,10322.514349711508
426,49340,1.7944577e+37,POINT (-2116260.5 2371157.75),48918,49347,7.612701,5161.082160022256
416,49026,1.7944577e+37,POINT (-2125764.75 2372366),49474,49913,9.214783,7047.045772875326
417,49027,1.7944577e+37,POINT (-2123327.75 2371202),49474,49913,9.214783,9717.138499836256
437,49975,1.7944577e+37,POINT (-2128227.75 2376049),49474,49913,9.214783,4696.334860824982
438,49976,1.7944577e+37,POINT (-2126338.75 2376931),49474,49913,9.214783,6779.933231603391
418,49038,1.7944577e+37,POINT (-2129710.25 2365003.75),49277,49714,19.886297,9407.867123450458
419,49039,1.7944577e+37,POINT (-2125877.75 2360473.5),49277,49714,19.886297,10892.319111419753
420,49042,1.7944577e+37,POINT (-2113283.75 2386224.75),48635,49060,-6.7640347,5593.460584691735
421,49043,1.7944577e+37,POINT (-2115581.75 2390383.5),48628,49053,3.6441648,3584.1184759993635
422,49048,1.7944577e+37,POINT (-2124539 2348162.25),51014,51465,15.372564,7014.905647975602
434,49707,1.7944577e+37,POINT (-2125740.25 2351924.25),51014,51465,15.372564,10824.857969622512
423,49106,1.7944577e+37,POINT (-3163652.25 3077265.5),48680,49105,1.6556395,4406.205638074555
424,49292,1.7944577e+37,POINT (-3164969.5 3087411.25),48680,49105,1.6556395,6338.34903582944
430,49559,1.7944577e+37,POINT (-3168831.5 3078730.75),48680,49105,1.6556395,6851.768476094328
425,49339,1.7944577e+37,POINT (-2113893.5 2375979.75),48917,49346,18.322338,5486.806505153977
427,49393,1.7944577e+37,POINT (-3158270.75 3107237.5),48963,49392,1.8132384,3275.7241661196076
428,49489,1.7944577e+37,POINT (-3245593.75 3182710.25),49702,50143,7.7957883,3332.1683068236516
429,49558,1.7944577e+37,POINT (-3168604.25 3074512.25),49216,49651,1.6400939,6608.254308060488
432,49650,1.7944577e+37,POINT (-3167191.25 3068423.5),49216,49651,1.6400939,605.156642944618
431,49647,1.7944577e+37,POINT (-2133815.75 2350225),50906,51357,23.569517,7377.951498383545
433,49706,1.7944577e+37,POINT (-2124232 2354589),50283,50726,7.833142,12252.85999777195
435,49791,1.7944577e+37,POINT (-2115344 2362034.75),49561,50002,4.214905,6228.696543017648
436,49792,1.7944577e+37,POINT (-2118828.25 2359512),49561,50002,4.214905,10469.957210991839
439,50298,1.7944577e+37,POINT (-3154243.75 3113578),49857,50299,1.8164245,3007.020670447744
440,50651,1.7944577e+37,POINT (-2144270.5 2350967),50900,51351,24.655462,3924.795106117006
441,50769,1.7944577e+37,POINT (-2152225 2337071.25),50325,50768,26.731712,865.5525691718557
443,50783,1.7944577e+37,POINT (-2147418.5 2332745.75),50325,50768,26.731712,6170.099695304769
442,50782,1.7944577e+37,POINT (-2145553.5 2334165.75),50839,51289,25.58452,5947.964362914425
448,51290,1.7944577e+37,POINT (-2141359 2340348),50839,51289,25.58452,3255.66231740947
444,50966,1.7944577e+37,POINT (-3205905.25 3042829.75),50548,50996,2.6625364,5635.569519800106
445,50967,1.7944577e+37,POINT (-3206718.75 3039769),51675,52151,2.9399962,5722.1414806871035
473,52150,1.7944577e+37,POINT (-3208668.75 3038017.5),51675,52151,2.9399962,3309.9128576142302
446,51143,1.7944577e+37,POINT (-2134993.25 2321593.5),50694,51142,26.299894,2878.399924437186
447,51246,1.7944577e+37,POINT (-2747386 2698934),50797,51247,9.306133,1927.184231592818
449,51501,1.7944577e+37,POINT (-3068912 2899463.25),51050,51503,-2.5678344,2888.9264442003364
450,51502,1.7944577e+37,POINT (-3069773.75 2895977.75),51050,51503,-2.5678344,2266.0384622728716
451,51526,1.7944577e+37,POINT (-3017524.25 2835850.75),51344,51810,-3.1331632,6192.291094578807
452,51527,1.7944577e+37,POINT (-3015993.25 2833172.5),51344,51810,-3.1331632,9264.21980322682
454,51529,1.7944577e+37,POINT (-3015285.5 2837175.25),51344,51810,-3.1331632,6404.356549451319
463,51766,1.7944577e+37,POINT (-3013524.5 2832657.75),51344,51810,-3.1331632,10975.138954131742
467,51974,1.7944577e+37,POINT (-3016503.25 2842529.5),51344,51810,-3.1331632,3609.9043010168566
468,51975,1.7944577e+37,POINT (-3017915 2841167.25),51344,51810,-3.1331632,2092.3147020704127
453,51528,1.7944577e+37,POINT (-3012223 2835411.25),51074,51533,-3.6630614,8890.469001267593
455,51530,1.7944577e+37,POINT (-3007447 2836173.75),51074,51533,-3.6630614,4101.752224659603
462,51765,1.7944577e+37,POINT (-3012032.75 2833530),51074,51533,-3.6630614,9366.505888670545
456,51531,1.7944577e+37,POINT (-3009804.75 2841512.5),51073,51532,-3.7007718,7009.800585608695
457,51544,1.7944577e+37,POINT (-3199416.75 3021043.75),51086,51547,2.0167053,4472.846639725087
458,51545,1.7944577e+37,POINT (-3197733.25 3021606.5),51086,51547,2.0167053,3889.5585385747827
459,51657,1.7944577e+37,POINT (-3079018 2879581.75),51196,51658,-1.9004424,6124.722468202131
460,51755,1.7944577e+37,POINT (-3208954.5 2987973),51992,52473,2.6407287,7833.532827690198
461,51756,1.7944577e+37,POINT (-3201407 2984471.5),51465,51934,1.596588,8723.494497619633
464,51817,1.7944577e+37,POINT (-3011584 2822308.5),51350,51816,-2.466458,5595.831595929241
465,51878,1.7944577e+37,POINT (-3128467 2916007),51437,51906,-1.0710571,4379.760474329618
466,51879,1.7944577e+37,POINT (-3129129.75 2920240.75),51447,51916,-0.8218597,4885.947298119373
469,52011,1.7944577e+37,POINT (-3073801 2891725.75),51540,52012,-2.264859,1945.9685409841547
470,52027,1.7944577e+37,POINT (-3212620.25 3016525.5),51554,52026,2.8627074,2101.1982444548157
471,52038,1.7944577e+37,POINT (-2875508.5 2738075.75),51163,51624,0.8647064,3533.506447213589
472,52039,1.7944577e+37,POINT (-2876569.75 2737458.5),51163,51624,0.8647064,2546.513363895819
474,52205,1.7944577e+37,POINT (-3109558 2890885.25),51138,51599,-1.3987517,3499.7580719958346
475,52206,1.7944577e+37,POINT (-3104946.5 2891626.75),51138,51599,-1.3987517,5602.583003624311
476,52434,1.7944577e+37,POINT (-3130755.25 2897030.5),51963,52442,-0.9689941,7359.022897097141
477,52450,1.7944577e+37,POINT (-3233106.25 2991428),51949,52427,3.7159605,6712.43318868054
478,52451,1.7944577e+37,POINT (-3234507 2986855.75),51949,52427,3.7159605,1950.193467966704
479,52476,1.7944577e+37,POINT (-3074223.75 2785601.75),51995,52478,0.74292296,2461.010006074742
480,52477,1.7944577e+37,POINT (-3079257.25 2784615.5),51995,52478,0.74292296,5312.50929999186
481,52557,1.7944577e+37,POINT (-3092785.25 2781699.75),52082,52566,1.127719,10747.4202137071
482,52578,1.7944577e+37,POINT (-3099827.25 2779174.25),52094,52579,1.7824767,4160.564219550036
483,52595,1.7944577e+37,POINT (-3106654.5 2773895),52094,52579,1.7824767,5034.958217304291
484,52596,1.7944577e+37,POINT (-3108880.25 2771232.5),52443,52932,2.5392148,6476.167790445211
488,52934,1.7944577e+37,POINT (-3111487.75 2769638.25),52443,52932,2.5392148,5490.838898793152
485,52597,1.7944577e+37,POINT (-2921103 2623095.25),52437,52926,16.997276,14897.62334233216
486,52598,1.7944577e+37,POINT (-2919376.75 2622541.5),52437,52926,16.997276,16701.007548199002
487,52933,1.7944577e+37,POINT (-3114472.25 2766964),52231,52720,2.7981627,5298.615680062105
489,52940,1.7944577e+37,POINT (-3134640.5 2735437),52361,52850,4.7646055,9353.205660360516
491,52942,1.7944577e+37,POINT (-3129900.75 2733953.5),52361,52850,4.7646055,5013.225838968358
490,52941,1.7944577e+37,POINT (-3140457.5 2731731.5),52450,52945,5.499591,6703.013804439015
501,53004,1.7944577e+37,POINT (-3141193.25 2724021.5),52450,52945,5.499591,6993.633622802956
502,53005,1.7944577e+37,POINT (-3137368 2727068.25),52450,52945,5.499591,9192.114997376828
492,52943,1.7944577e+37,POINT (-3127706.5 2728697.5),52502,53007,5.7640867,5980.386651379658
493,52965,1.7944577e+37,POINT (-3003318.5 2579192.25),60841,61484,22.408209,6888.682407579841
494,52966,1.7944577e+37,POINT (-3006958 2576679.75),60841,61484,22.408209,11040.575984182165
503,53020,1.7944577e+37,POINT (-3000806.75 2573792.75),60841,61484,22.408209,7758.877125589759
504,53021,1.7944577e+37,POINT (-3002061.75 2571116.75),60841,61484,22.408209,10691.117539808456
505,53025,1.7944577e+37,POINT (-2998043.75 2576893.25),60841,61484,22.408209,3693.9375333104917
506,53026,1.7944577e+37,POINT (-2995375 2576307.25),60841,61484,22.408209,4108.052313749181
518,53189,1.7944577e+37,POINT (-3004504.25 2568990.25),60841,61484,22.408209,13811.626415813598
519,53190,1.7944577e+37,POINT (-3007294.75 2571796.25),60841,61484,22.408209,13704.325174921967
495,52975,1.7944577e+37,POINT (-3011033.5 2585546.75),52505,53010,20.35283,7804.193283901931
496,52976,1.7944577e+37,POINT (-3012375.5 2581433.25),52505,53010,20.35283,11825.861599160546
498,52982,1.7944577e+37,POINT (-3016931.25 2584929.75),52505,53010,20.35283,9562.41677087963
507,53054,1.7944577e+37,POINT (-3020119.25 2587110.75),52505,53010,20.35283,9999.431908863624
511,53068,1.7944577e+37,POINT (-3014777.25 2588886),52505,53010,20.35283,5058.759760306868
497,52981,1.7944577e+37,POINT (-3016251.75 2580919),52740,53265,22.884026,10885.447762953989
499,52997,1.7944577e+37,POINT (-3013750.75 2576761),52740,53265,22.884026,10308.505420282807
500,52998,1.7944577e+37,POINT (-3017091.5 2575129),52740,53265,22.884026,6592.442002968248
522,53264,1.7944577e+37,POINT (-3026365.5 2568985.5),52740,53265,22.884026,4763.934383731581
523,53332,1.7944577e+37,POINT (-3019326.5 2569400),52740,53265,22.884026,4893.83960326654
524,53333,1.7944577e+37,POINT (-3022437.5 2567891.75),52740,53265,22.884026,4641.0173588341595
508,53055,1.7944577e+37,POINT (-3022792.25 2583531.75),52819,53347,22.151731,7548.4962740932715
525,53346,1.7944577e+37,POINT (-3025593.25 2579650.75),52819,53347,22.151731,2793.9452392629314
509,53060,1.7944577e+37,POINT (-2995643.25 2569123.25),52578,53095,23.681963,10478.655069354081
510,53061,1.7944577e+37,POINT (-2994469.25 2570378.75),52578,53095,23.681963,8761.414158827329
512,53073,1.7944577e+37,POINT (-2993501.75 2572600),52578,53095,23.681963,6583.901977551002
513,53074,1.7944577e+37,POINT (-2993682.25 2574539.25),52578,53095,23.681963,5830.2623493715955
514,53085,1.7944577e+37,POINT (-3004736 2585403),52590,53107,20.570635,7883.000332995046
515,53109,1.7944577e+37,POINT (-3187853.5 2742626),52458,52953,5.5118957,5348.063621536303
516,53134,1.7944577e+37,POINT (-3016159.5 2614488.5),52616,53135,17.306267,2796.5123368224213
517,53153,1.7944577e+37,POINT (-3010618.5 2620430.25),52633,53152,17.056328,3504.133148868633
520,53212,1.7944577e+37,POINT (-3254881 2723906.25),52756,53281,8.628497,3507.225434727571
521,53213,1.7944577e+37,POINT (-3258497.75 2719857.75),52756,53281,8.628497,4382.825893473297
526,53378,1.7944577e+37,POINT (-3310472.25 2738898.75),52866,53401,9.281963,3824.1172919381015
527,53379,1.7944577e+37,POINT (-3313419.75 2738132.5),52866,53401,9.281963,3174.4569811229135
528,53387,1.7944577e+37,POINT (-3337695.5 2729651),52965,53504,10.664538,3603.349006479944
529,53388,1.7944577e+37,POINT (-3334704.25 2725310),52888,53424,10.537372,5491.518551366279
530,53390,1.7944577e+37,POINT (-3293729.75 2729343.75),52857,53389,8.869647,4077.087847042298
531,53391,1.7944577e+37,POINT (-3292464.75 2736708.25),52857,53389,8.869647,8109.469992699893
532,53392,1.7944577e+37,POINT (-3293398.5 2738418.5),52876,53412,9.08042,9646.813521831962
533,53405,1.7944577e+37,POINT (-3303766.5 2733147),52869,53404,9.216595,4187.6211400388165
534,53435,1.7944577e+37,POINT (-3340653.25 2736668.75),52910,53448,10.10863,4534.253556264802
535,53436,1.7944577e+37,POINT (-3341823.5 2736021),52964,53503,10.61032,5354.136356593844
536,53489,1.7944577e+37,POINT (-3049147.75 2533208),52951,53490,28.250683,2178.417085867626
537,53506,1.7944577e+37,POINT (-3424437.75 2756687),52966,53505,12.932336,2466.6154062804358
538,53577,1.7944577e+37,POINT (-3375163 2718886),60863,61506,11.910442,8017.161596381851
539,53578,1.7944577e+37,POINT (-3372426.5 2718798.5),60863,61506,11.910442,5629.097779617973
540,53586,1.7944577e+37,POINT (-3376521 2723113.25),60863,61506,11.910442,8859.756387734371
541,53587,1.7944577e+37,POINT (-3378697.25 2722811),60863,61506,11.910442,10991.443450475464
542,53645,1.7944577e+37,POINT (-3350994.25 2679193.25),53100,53644,13.995318,2568.3232978930046
543,53650,1.7944577e+37,POINT (-3443954 2723780.25),53148,53697,14.964697,5351.6816632718355
544,53651,1.7944577e+37,POINT (-3449642.75 2718435),53147,53696,14.814074,8480.554418786545
545,53685,1.7944577e+37,POINT (-3453798.75 2720049),53132,53679,15.56455,5631.351974659371
546,53686,1.7944577e+37,POINT (-3456141.5 2718629.5),53132,53679,15.56455,3034.41600641705
547,53742,1.7944577e+37,POINT (-3473546.5 2767088.5),53116,53663,15.113562,3791.893104044469
548,53743,1.7944577e+37,POINT (-3475297.5 2766221),53116,53663,15.113562,4408.09542915078
549,53762,1.7944577e+37,POINT (-3619495.5 2776263.75),53333,53891,21.863945,5493.569587481349
550,53766,1.7944577e+37,POINT (-3595050.25 2772525.5),53212,53764,20.98784,7338.671558940351
551,53767,1.7944577e+37,POINT (-3597777.5 2774258.25),53285,53840,20.929558,4663.625152443108
552,53781,1.7944577e+37,POINT (-3546219.5 2741287),53273,53828,18.710815,4802.573561383521
553,53868,1.7944577e+37,POINT (-3639535.5 2793352.5),53322,53879,22.902813,3574.391644042382
554,53869,1.7944577e+37,POINT (-3640845.75 2791096.75),53279,53834,22.794432,5700.3814784626475
555,53882,1.7944577e+37,POINT (-3632344 2792143.25),53324,53881,22.24726,2213.107600185766
556,53952,1.7944577e+37,POINT (-3968138.25 2857434),53392,53950,32.25811,6533.781069373231
557,53953,1.7944577e+37,POINT (-3966398 2859772.5),53397,53957,33.219193,5862.9819897813095
558,54163,1.7944577e+37,POINT (-1961500 2224177.75),53604,54166,13.052911,4327.845083006091
559,54164,1.7944577e+37,POINT (-1959168 2226171),53603,54165,5.5303526,4893.63065786794
560,54350,1.7944577e+37,POINT (-1995309.875 2219569.25),53728,54290,11.282354,2254.4000449121713
561,54351,1.7944577e+37,POINT (-1995918.75 2223325),53745,54307,7.657031,2370.9873734374883
562,54655,1.7944577e+37,POINT (-1991870.25 2195466.75),54080,54644,21.09331,2210.934322435879
563,54656,1.7944577e+37,POINT (-1991526.375 2193520.25),54080,54644,21.09331,3298.48602581548
564,54663,1.7944577e+37,POINT (-1985000.375 2196954.75),54117,54685,16.00999,5624.650683598049
565,54664,1.7944577e+37,POINT (-1989360.25 2193241.75),54118,54686,16.11436,2480.35072179823
566,54936,1.7944577e+37,POINT (-1984052.625 2202205.5),54045,54609,1.9947326,5755.1413332449965
567,54937,1.7944577e+37,POINT (-1982296.5 2199747),54349,54917,0.90609735,4533.008196826915
568,55055,1.7944577e+37,POINT (-2078412.125 2209210.5),54186,54754,-5.3535824,3132.075342823828
569,56453,1.7944577e+37,POINT (-1968156.5 2069326.625),55882,56454,16.496574,3090.821727813657
570,56626,1.7944577e+37,POINT (-1980352 2029359.625),56447,57025,28.84724,4796.019353654132
571,56627,1.7944577e+37,POINT (-1979685.125 2025599.5),56447,57025,28.84724,5377.274427219147
573,56638,1.7944577e+37,POINT (-1973713.375 2026117.125),56447,57025,28.84724,3473.5590267764273
572,56637,1.7944577e+37,POINT (-1971518.75 2024252.875),56072,56648,29.344206,3712.0573073600303
574,56943,1.7944577e+37,POINT (-1973484.875 2019751.875),56327,56903,28.903435,7133.414006674854
575,56944,1.7944577e+37,POINT (-1975705 2017837.75),56328,56904,25.239714,5042.747770623175
576,57290,1.7944577e+37,POINT (-2050471.625 2023023.875),56952,57536,31.778502,4533.607889970194
577,57291,1.7944577e+37,POINT (-2051846.375 2019200.75),56689,57267,33.245453,3451.4682790444417
578,57445,1.7944577e+37,POINT (-2056067.75 2014882.75),56735,57315,34.0374,5469.257079348163
579,57446,1.7944577e+37,POINT (-2057580.25 2016725.625),56735,57315,34.0374,3150.1107545013397
580,57532,1.7944577e+37,POINT (-2057077.625 2023489.375),56734,57314,33.22403,4704.670993411761
581,57533,1.7944577e+37,POINT (-2055417.875 2025334),56734,57314,33.22403,6966.484323396199
582,57844,1.7944577e+37,POINT (-1999175.5 1937853.875),57238,57822,33.224247,3087.3573853702133
583,58694,1.7944577e+37,POINT (-1870178.25 1818483.375),58108,58693,34.731903,2957.541995686621
584,59375,1.7944577e+37,POINT (-1881920.75 1696162.625),58990,59586,40.97752,4529.577430966933
585,59376,1.7944577e+37,POINT (-1882208.75 1698279.875),58790,59378,40.539055,5387.5144213844105
587,59380,1.7944577e+37,POINT (-1875853.125 1695046.375),58790,59378,40.539055,2163.8960811462275
586,59379,1.7944577e+37,POINT (-1872647.125 1696773.25),58791,59383,40.232536,2893.863836853766
588,59381,1.7944577e+37,POINT (-1872924 1692546.25),58791,59383,40.232536,3277.617458326246
589,59382,1.7944577e+37,POINT (-1872015 1693895.125),58791,59383,40.232536,1728.9451444450167
590,59443,1.7944577e+37,POINT (-1862448.25 1684964.625),58825,59417,37.082756,3548.7550567945655
591,59444,1.7944577e+37,POINT (-1864162 1682588.5),58825,59417,37.082756,6463.682889808256
592,59564,1.7944577e+37,POINT (-1814610.375 1660205.625),58970,59566,33.424637,3053.752455995738
593,59565,1.7944577e+37,POINT (-1815582.75 1658538.625),58971,59567,33.79702,3350.7514292506094
594,59714,1.7944577e+37,POINT (-1845113.375 1587370.5),59117,59713,37.94738,4239.24509973474
595,59863,1.7944577e+37,POINT (-2638134.25 3941033),59266,59864,-5.364404,3473.3752496671013
596,59897,1.7944577e+37,POINT (-2646300.75 3759661.75),10745,10839,-12.323144,4431.6047883357105
598,59901,1.7944577e+37,POINT (-2651918 3765082.25),10745,10839,-12.323144,6849.394704096122
597,59900,1.7944577e+37,POINT (-2647460.5 3765337.25),59299,59898,-12.54787,5078.691662229555
606,59961,1.7944577e+37,POINT (-2574499.75 3628322.5),59350,59954,-20.473131,5944.914843797176
607,59962,1.7944577e+37,POINT (-2572997 3631900),59350,59954,-20.473131,9260.477204901485
608,59963,1.7944577e+37,POINT (-2585011 3632899.25),59353,59964,-19.377464,4866.213781010859
609,59967,1.7944577e+37,POINT (-2587838.5 3618346.25),59354,59965,-20.175072,10557.116192999867
610,59968,1.7944577e+37,POINT (-2584109.25 3617707.25),59354,59965,-20.175072,8182.251432215952
619,59997,1.7944577e+37,POINT (-2890039.75 3675274),59376,59999,-3.9951506,3723.125786889291
620,59998,1.7944577e+37,POINT (-2893094.5 3673383.5),59376,59999,-3.9951506,4059.3500480372472
621,60002,1.7944577e+37,POINT (-2873829 3656731),18854,19034,-5.939236,4086.6908679272524
622,60017,1.7944577e+37,POINT (-2883821.75 3649352.75),19680,19864,-4.934784,5333.671443058712
623,60018,1.7944577e+37,POINT (-2883208 3652478),19679,19863,-5.4451537,6467.040290967731
626,60330,1.7944577e+37,POINT (-3093933.75 3373266),59701,60329,2.3145995,4631.91613967697
628,60625,1.7944577e+37,POINT (-3155922.25 3253158.25),41886,42169,3.9042113,8776.150195273553
629,60626,1.7944577e+37,POINT (-3157064.75 3257285.5),41885,42168,3.9691405,9130.442311985767
635,60969,1.7944577e+37,POINT (-2338124.75 2559487.5),44524,44837,7.0547605,6153.489462288857
636,60970,1.7944577e+37,POINT (-2341771.75 2557502.5),48094,48493,10.804614,5200.300982875895
637,60971,1.7944577e+37,POINT (-2339711.5 2553884.25),47375,47762,13.859088,3032.1683351192755
638,61406,1.7944577e+37,POINT (-3097959.5 2697885),60766,61407,7.5189877,3640.1228773902676
639,61408,1.7944577e+37,POINT (-3101813.25 2702966),60845,61488,7.1599545,3882.997038371263
640,61409,1.7944577e+37,POINT (-3102082.5 2707349.25),60777,61420,6.607507,2674.484342821995
